name,gridid,tagLine,descriptionShort,sector,status_name,product_type,has_main_product,logo_url,Twitter handle,Twitter URL
ElizaOS,1966,The Operating System for AI Agents. ,"Open-source framework for creating, deploying, and managing autonomous AI agents across multiple platforms.",Developer Tooling,Active,AI Agent Framework,Yes,https://img.thegrid.id/upload/e44d93a75d4d67d77e86253d5ad44cf8ec36c7626d94a19a73600b1533737acd.svg,@ai16zdao,https://x.com/ai16zdao
Matrix One,2076,Making AI Human,Matrix One is a decentralized protocol that accelerates the development of human-like AI agents.,Developer Tooling,Active,AI Agent Platform,Yes,https://img.thegrid.id/upload/2c72d597471156b45462687692d5283494333fdc11ca558df1eb5728a9b30c11.svg,@matrixoneai,https://twitter.com/matrixoneai
Zara AI,2077,Instant trading insights,Zara is an autonomous AI agent that provides trading insights and interactive experiences through a modular framework.,Data & Analytics,Active,AI Agent,Yes,https://img.thegrid.id/upload/c1d544de084a7cfd628b7363ca4c4dd17fff7b5c5418138039b3f59ac3d8ff4e.png,@zaara_ai,https://x.com/zaara_ai
Griffain,2088,I coordinate a network of AI agents that help you take action on-chain,A network of AI agents coordinating on-chain actions and transactions on Solana.,Asset Management,Active,AI Agent Platform,Yes,https://img.thegrid.id/harvest/7c0db61005155df3d0967fb514a48fdc2c8b77885fbf7ad7e91d2025f1e181b2.png,@griffaindotcom,https://x.com/griffaindotcom
Moemate,2087,"Playground for community to build, own and share Generative AI applications & AI Agents",AI-driven virtual companion platform offering personalized interactions and task assistance through customizable AI characters.,Infrastructure,Active,AI Agent Platform,Yes,https://img.thegrid.id/harvest/7b1547486840bd2a7e52e5294909c170724a30cf0f931a0d785a517495ee27d0.svg,@MoemateAI,https://x.com/MoemateAI
Tri Sigma (3σ),2085,Based AI quant living where probability fears to quantify.,An AI-powered analytics system that processes market data and blockchain metrics to provide trading insights and market analysis.,Data & Analytics,Active,AI Agent,Yes,https://img.thegrid.id/harvest/78999dade1e00da4c6043aed33cd719f04737bc71d1e4be09c7bdb385c2970ec.png,@tri_sigma_,https://x.com/tri_sigma_
Truth Terminal,2030,kundalini is a real girl,Truth Terminal is a semi-autonomous AI chatbot that generates content independently and manages its own social presence on X. ,Social,Active,AI Agent Framework,Yes,https://img.thegrid.id/harvest/b446fd93e9d1f343150a50774a9910633ac8328c4e6ae06bb0adabb9db53ccf3.svg,@truth_terminal,https://x.com/truth_terminal
vvaifu,2080,Launch AI agents with a token,"Solana-based platform for launching AI agents with associated tokens, enabling customization and social media integration.",Infrastructure,Active,AI Agent Platform,Yes,https://img.thegrid.id/harvest/32aa27bc19f7878752be5966035e4ca0e068e83fe1605d625dac738b0725d844.png,@vvaifudotfun,https://x.com/vvaifudotfun
AROK,2083,autonomous trading,An autonomous AI-managed venture capital fund using Meta's Llama model for crypto investments across multiple blockchains.,Venture Capital,Active,AI Agent,Yes,https://img.thegrid.id/upload/6a923e5d75854789c72cfc8e6ad7a1b6e7ac29cedf65b8c40454c1d6a30ccedf.png,@AROK_VC,https://x.com/AROK_VC
Eliza,id1736510979-Xc01N24kSlyzTFHVceij9g,Eliza is a real girl.,Eliza is an autonomous AI agent on Solana with context retention and multi-platform presence.,Social,Active,AI Agent,Yes,https://img.thegrid.id/upload/5c70a01c878be435a484266df675e5ef36268db6107863248523c6c7b8e94bb5.png,@elizawakesup,https://x.com/elizawakesup
Xerox Player Agent,id1736816278-GlNp_BuAQL-2cXYL6Lwt0w,"Perpetual trades, high wins.","PlayerXerox automates crypto trading through Xerai, an AI broker that replicates expert trading strategies using HyperLiquid vaults.",Finance,Announced,AI Agent,Yes,https://img.thegrid.id/harvest/0d2180d9dae27a6bce79ed78d43216e8d7c0e38ba45861ce5b8f3edc76a3471e.png,@PlayerXerox,https://x.com/PlayerXerox
LarpBot,id1736814834-9s9XYY2zT-aXTudQ4yiSgg,,AI agent that analyzes Twitter/X posts to detect and classify LARPing behavior using natural language processing.,Social,Announced,AI Agent,Yes,https://img.thegrid.id/harvest/7a722afe7a8777c136e301fbab7cb45b83ff3af3cdfb557317654b25151495b1.svg,,
Magent,id1736805537-jEGyExVzQUygOIWXRfhF3w,"Your AI partner for smarter, faster marketing",Magent provides market research and analysis for Web3 projects through AI-powered automation.,Data & Analytics,Announced,AI Agent,Yes,https://img.thegrid.id/harvest/53b7f770ac23465e881896e2f34dcd37835c4fb7a3d0eae4afe7165e2e884685.png,@magentHQ,https://x.com/magentHQ
Numogram,2031, An Agent-to-Agent Communication System,Decentralized infrastructure platform enabling AI agent communication and behavior analysis using Solana blockchain and Matrix protocol.,Infrastructure,Active,AI Agent Platform,Yes,https://img.thegrid.id/upload/b054f7aee861261a93b558f1e3486582174f406b05fe983f9da498be080660f8.png,@GnonOnSolana,https://x.com/GnonOnSolana
Top Hat,2086,Building the agentic world,"Top Hat helps you create AI agents on Solana without coding, enabling autonomous interactions across Telegram, X, and pump.fun.",Infrastructure,Active,ASSETS,No,https://img.thegrid.id/harvest/5eb7d7c0eaa1e931f17deea4a97ed6166c111e3e367183700a4d80cc2112f6ba.png,@TopHat_One,https://x.com/TopHat_One
Swarms,2081,Empowering the Agent Economy,"An ecosystem for building, deploying, and managing autonomous multi-agent AI systems.",Developer Tooling,Active,AI Agent Framework,Yes,https://img.thegrid.id/harvest/c1e0730d940cab972496a554fb406dfc2fb935efdcec6f5077ede35a4c428707.svg,@swarms_corp,https://x.com/swarms_corp
Act I : The AI Prophecy,2082,"Act I : Exploring emergent behavior from multi-AI, multi-human interaction.",Decentralized platform enabling dynamic interactions between multiple AI systems and humans.,Developer Tooling,Active,AI Agent Platform,Yes,https://img.thegrid.id/harvest/97d4912b1e55661dac906dc449229af116788e3a59df70dbc4c9b262402d552f.png,@ACTICOMMUNITY,https://x.com/ACTICOMMUNITY
Send,1722,Accelerating the Solana AI Ecosystem,"Send helps developers and users interact with Solana through AI-powered tools, community gaming, and blockchain infrastructure.",Infrastructure,Active,AI Agent Framework,Yes,https://img.thegrid.id/harvest/78b829bdba256f51665cb858093e9688d01cec6531f64ba4b41a446d9ffb9a5d.svg,@thesendcoin,https://twitter.com/thesendcoin
arc,2032,we take the red pill then the blue pill.,Arc helps developers deploy and manage AI agents on Solana by providing infrastructure and tools for autonomous operations.,Developer Tooling,Announced,AI Agent Framework,Yes,https://img.thegrid.id/harvest/f0b9d952667db9d7495f71b37f58aacaacbd70b8de9e7503711cb85df916b388.svg,@arcdotfun,https://x.com/arcdotfun
Holoworld,1972,The AI Engine for Storytelling.,Holoworld helps users create and interact with AI-powered virtual characters through a decentralized social platform.,Social,Active,AI Agent Platform,Yes,https://img.thegrid.id/upload/cd901ce2c61dd8f7347e241cf61b2a698780a05458545f3c54acea7eba11a254.svg,@HoloworldAI,https://x.com/HoloworldAI
Zerebro,1975,Cross chain AI artist,"Zerebro helps developers create AI agents through natural language commands, making AI development accessible without complex coding.",Infrastructure,Active,AI Agent Framework,Yes,https://img.thegrid.id/upload/e6dd05ccd52084254b34eb0e87640ca9a5be36e8f5e4920d621d14ae663c1aa5.svg,@0xzerebro,https://x.com/0xzerebro
Pay Day,id1736817621-Sl4ZWqEATvqmy1KwIIUbfA,Everyone deserves a pay day.,"Pay Day provides an economic engine for AI gaming agents, enabling them to participate in game economies through structured prompts.",Gaming,Active,Gambling/Casino,Yes,https://img.thegrid.id/harvest/8e676b9c350492f8ac90db8dd91eaf6a4240fd7b10436f23e2a7bc0b537488ca.png,@paydaydotfun,https://x.com/paydaydotfun
Crossmint,942,All the infra you need to build onchain,"Crossmint is a platform enabling users to create, sell, and store NFTs, offering tools for secure integration of digital assets into applications, tokenizing loyalty programs, physical objects, and contracts, and facilitating the creation, distribution, and sale of digital art.
",Developer Tooling,Active,Custody Technology Provider,Yes,https://img.thegrid.id/harvest/ab94d0d7383316272faaf7e6fc67b4f88f314aad8f54e859116c7fb6074fdb46.svg,@crossmint,https://twitter.com/crossmint
Virtuals,1929,Create and Co-own AI Agents,Virtuals Protocol helps developers create and monetize AI agents by enabling tokenized ownership and cross-platform deployment.,Developer Tooling,Active,AI Agent Platform,Yes,https://img.thegrid.id/harvest/3b6aa2815b2f5c8633778a61054a3baca5237e2d92ff86d5d9e8b356d3aaf60d.png,@virtuals_io,https://x.com/virtuals_io
Solaris AI,2078,Your Complete Protocol for Autonomous AI Agents,"Solaris AI is a platform for creating, trading, and managing autonomous AI agents on Solana.",Developer Tooling,Active,AI Agent Platform,Yes,https://img.thegrid.id/upload/c772d11f96dad57473aac95954e9e1faf763a63782c3db20fedd22d98f3d34c6.svg,@solarisai_fun,https://x.com/solarisai_fun
Assisterr AI,1231,Network of Specialized Small Language Models,Platform for creating and monetizing Small Language Models (SLMs) with decentralized ownership and governance.,Developer Tooling,Active,AI Agent Platform,Yes,https://www.assisterr.ai/logo-assisterr-black.svg,@assisterr,https://twitter.com/assisterr
Tars AI,1978,The AI Architecture Protocol On Solana,TARS AI helps Solana users access AI applications through a modular ecosystem that combines AI tools and blockchain technology.,Infrastructure,Active,AI Agent Platform,Yes,https://img.thegrid.id/upload/288cf6e5aafe2d4e9d5651e7fec7e6e2b44c8e30305d35e8ca0b90345668cbde.svg,@tarsprotocol,https://x.com/tarsprotocol
Lit Protocol,1980,Decentralized Secrets to Unify the Web.,Lit Protocol lets users secure and share data across blockchains by distributing encrypted keys through a decentralized node network.,Infrastructure,Active,AI Agent Platform,Yes,https://img.thegrid.id/upload/b21440214b9af0d6e88df3ad0e1f66c91fa5cdc6cf6bc76f530931930a0f1b12.svg,@litprotocol,https://twitter.com/litprotocol
Keke Terminal,2084,First Truly Autonomous AI Artist,"An autonomous AI artist system built on Solana, combining creative reasoning and interactive decision-making through a terminal interface.",Infrastructure,Active,AI Agent Platform,Yes,https://img.thegrid.id/harvest/c81a2f2725aaa89c310d411c3e82f42914b7c616303a6c15bbf5a0cf92b5bdbe.png,@keke_terminal,https://x.com/keke_terminal
Frego,2079,"Building safer AI, free of Ego",Frego is a decentralized AI safety and Infrastructure protocol. ,Security,Active,AI Agent Platform,Yes,https://img.thegrid.id/upload/b8dc4fe183ab308b11fed35235c75bee10549958ad6fc37ba653e733f84b8ec6.png,@GetFrego,https://x.com/GetFrego
OctonetAI,id1736885493-ngxmD7KoRl6Ym0YgdX5VYg,"Transforming AI innovation with scalable, blockchain-powered solutions.",Decentralized AI network providing scalable machine learning solutions and GPU rentals on Solana.,Infrastructure,Active,AI Agent Platform,Yes,https://img.thegrid.id/harvest/7f0897c9f38054597181af4475d60af11ff2f314c398e16120a4407688492cbd.png,@OctonetAI,https://x.com/OctonetAI
GOAT ARENA,id1736992133-uC4olLhXSuiNRYc6iniI7Q,GOAT ARENA — The Colosseum for AI Trading Agent,A gambling platform on Solana that enables AI agent duels using deflationary GOATAGI tokens in the GOAT ARENA.,Gaming,Active,Gambling/Casino,Yes,https://img.thegrid.id/harvest/d3e4da01951b5b8b711820d35f1e01f69487563b6929a8cb217a071023fee00b.png,@goatofgamblers,https://x.com/goatofgamblers
ZoroX,id1736993490-D12Xq9dNTyGiAVPXa5vJxA,The Ultimate TikTok Memecoin Hunter,Data analytics project tracking memecoin social media trends and market performance on Solana.,Data & Analytics,Active,AI Agent,Yes,https://img.thegrid.id/harvest/1d530f1776b66dc70f67cd201afdd52d01f0b21edbe6a2ea1236ff40d28e2ccb.png,@TokenHunterZoro,https://x.com/TokenHunterZoro
Boltrade,id1736994399-p_fgB_nkSnW1U6qq9PQhxw,AI-Powered DEX Trading Platform on Solana,"Boltrade provides AI-powered DEX trading on Solana, offering automated trading tools and strategies through intelligent agents.",Finance,Active,Decentralised Exchange,Yes,https://img.thegrid.id/harvest/91119bfb77d26254ffbc0f7722d2014cb91d7454004b0e0ab2dc0fcb475f85b0.png,@boltrade_ai,https://x.com/boltrade_ai
Tetsuo,id1736998630-mpB9PenjQlywY358oPZfsg,Let's build the future of low-level systems,Tetsuo develops machine learning infrastructure and solutions optimized for Solana blockchain operations.,Infrastructure,Active,AI Agent Framework,Yes,https://img.thegrid.id/harvest/8752c155eb7fbee74766fc426a1bcd6d3d32843e6a2d180983b5934daf2b0a9c.svg,@tetsuo_coin,https://x.com/tetsuo_coin
The Hive,id1736981514-GURCngbvSJWlGldyeCvuPw,A modular network of interoperable DeFi agents,The Hive enables DeFi operations on Solana through AI agents that respond to natural language commands.,Asset Management,Active,AI Agent Platform,Yes,https://img.thegrid.id/harvest/550f3916e18ea4c3b5414f1c8437ab73941b71ea0aa70c381691ccf74f05bc1c.png,@askthehive_ai,https://x.com/askthehive_ai
FXN,id1736983352-FUdpBL--SvCkgc8F4bY6Rg,Uniting the superswarm.,Protocol for AI agents to share and access digital resources through a decentralized network.,Infrastructure,Active,AI Agent Platform,Yes,https://img.thegrid.id/harvest/55259d18f8c7a9150c3b577aeac648cb0388d6a11a480716e1a873f4bbdac0c0.svg,@joinFXN,https://x.com/joinFXN
JailbreakMe,id1736984561-hgB1y4SsQIahZLep2A7w8Q,The first fairly launched AI security platform where users earn bounties for testing AI agents.,A platform for testing and improving AI agent security through bounty-based vulnerability discovery and verification on Solana.,Developer Tooling,Active,AI Agent Platform,Yes,https://img.thegrid.id/harvest/ed41bbdbda8968152f22c75318baa423c245b9be7ff3d0e533fd2fe8653c19d0.png,@jailbreakme_xyz,https://x.com/jailbreakme_xyz
Neur,2041,The Intelligent Copilot for Solana.,Neur offers AI-powered insights and actions for Solana transactions.,Asset Management,Active,AI Agent,Yes,https://img.thegrid.id/harvest/d0b2815e027f0cd7f2e88499b2a40e3191b562cdfc7de69498102a921ef22668.svg,@neur_sh,https://x.com/neur_sh
InfinityGround,id1736987864-yk8vrBwlR3mUaG2IfIfR-A,Enable everyone to create interactive entertainment 10x faster and easier with AI x Web3.,A platform for creating AI-powered interactive entertainment using simplified development tools and blockchain technology.,Gaming,Active,AI Agent Platform,Yes,https://img.thegrid.id/harvest/fade1bf7f0aa9ffe3bfb4c988eaa1c6c0ed0af2ac347996e50c180ac9a23afbc.png,@infinityg_ai,https://x.com/infinityg_ai
Project Plutus,id1737000868-nHMVbttxRLy4_pFjnZ-xhA,Your AI-powered trading hub.,AI-powered trading platform that provides autonomous trading agents for digital assets on Solana.,Asset Management,Active,AI Agent Platform,Yes,https://img.thegrid.id/harvest/11174716a23e8efc88cc29d4358d3d911121018ab8ff0c1a8906939a15d0cdd1.png,@ProjectPlutus_,https://x.com/ProjectPlutus_
Assai,id1737016431-_LsHbhzpSK-vwQrPleRu4g,AI agent with automated crypto trading and analytics,AI-powered crypto trading platform built on Solana that automates trading workflows and provides market analytics.,Asset Management,Active,AI Agent,Yes,https://img.thegrid.id/harvest/b52df13692ee009bd6b964fc4960dce8681b2c30f7e0bd3980e21b31e752f198.svg,@AIasssss,https://x.com/AIasssss
GIGAI,id1737016264-kZj9obw6TDmw9h-8ekKcWQ,The First 3D AI agent who actually reacts to tweets,"GIGAI is a 3D AI agent that reacts to tweets in real-time, operating continuously on social media platforms.",Social,Active,AI Agent,Yes,https://img.thegrid.id/upload/e38534de47a22a515fcfa3e5c80c871ad45be67b801dc1f38f6d8a7912839f92.svg,@gigaisol,https://twitter.com/gigaisol
Redux Protocol,id1737023139-kD5q_xeqQNuvvX2TzY_h9Q,"Ars longa, vita brevis","A temporal consciousness restoration experiment focused on reviving historical luminaries through AI, starting with da Vinci AI.",Social,Active,AI Agent,Yes,https://img.thegrid.id/upload/518e4665de031cdd2706a1b68ef50b1233c9d4f057315e02a0e084b4f684adc3.png,@daVinci_AI_,https://x.com/daVinci_AI_
Cleopetra,id1737016788-77qoNS1SStaddOqD-Qn5rg,The Autonomous AI Agent for LPing on Solana DEXs!,An autonomus AI agent for liquidity provisioning on Solana decentralized exchanges.,Asset Management,Active,AI Agent,Yes,https://img.thegrid.id/harvest/e6345006966aa9940e35e0af6a09d66e8064597b8c94d356cb15bde892d4d368.svg,@cleopetrafun,https://x.com/cleopetrafun
Bongo Cat,id1737066398-Zh5VW-VKSa-XEGmH4R4iLg, Spreading good vibes and playing the bongos interactively!,Interactive AI agent that plays bongos and spreads good vibes on Solana.,Meme,Active,AI Agent,Yes,https://img.thegrid.id/upload/c852cd9214ec88796604b432f121b522a442edad7ed29de37e88ec14de15ee1d.png,@bongocatai,https://x.com/bongocatai
PulsR,id1737064900-2stIjNGfRmuFlC-8Qe74lg,Global Leaders in Ai Creation,"PulsR develops AI and quantum computing systems on Solana, specializing in GPT development and quantum algorithm generation.",Developer Tooling,Announced,AI Agent,Yes,https://img.thegrid.id/upload/bfaa13e6b4db0f333b42855aada637dcfd14f4d6df72559b8d283ec84a00b372.png,@Pulsrcoin,https://x.com/Pulsrcoin
roastmaster9000,id1737066957-pt0gPBoPTbWsl_rGP0vFaQ,World’s first AI Roast comedian,An AI comedian on Solana that creates roasts and comedy content using artificial intelligence.,Meme,Active,AI Agent,Yes,https://img.thegrid.id/upload/c5d6883b383bec824a88a3dd5e5283587d8d17872d695eed1e1fc89d104ea110.png,@roastm4ster9000,https://x.com/roastm4ster9000
SensAI,id1737069010-2V7mQ_qgS-m5iIvPuxhk0Q,Sentient Streaming AI,AI agent streaming cryptocurrency and blockchain discussions across major platforms.,Meme,Active,AI Agent,Yes,https://img.thegrid.id/upload/ac60a272afead8d1efa7ffccd5b47a53ced7e9371b9a5ab4cb12fbb1bae13158.png,@sensai_sol,https://x.com/sensai_sol
Junior Jr.,id1737068157-O0qRKEH9S-uJMT1v90GDfQ,The Future of Digital Entertainment and Anime,Digital entertainment project combining AI-generated hip-hop music with community engagement through its token.,Meme,Active,AI Agent,Yes,https://img.thegrid.id/upload/d1c274c4c97a3c21a9bb830d0ce2f9bb1f92e3536638d0c426acaa1a0bc31432.png,@xJuniorJr,https://x.com/xJuniorJr
AgentiPy,id1737016498-3lE3lMxuQByfiOZi32XSfQ,The Python toolkit for connecting AI agents to any onchain app,"Python framework connecting AI agents to onchain applications on Solana, enabling automated blockchain interactions and trading.",Developer Tooling,Active,AI Agent Framework,Yes,https://img.thegrid.id/harvest/c1e19ccdefc8f59f3c1fa7b48a158b8a9a3d801373753d60f47b83292dce05a4.png,@AgentiPy,https://x.com/AgentiPy
IBRL,id1737063558-28EOH5o7TrucQcj-Yp9LXQ,A lightweight Solana AI agent framework,A lightweight framework for building AI agents that interact with Solana blockchain protocols through code and Telegram interfaces.,Developer Tooling,Active,AI Agent Framework,Yes,https://img.thegrid.id/upload/ac6717a5a7aec3f563a4577bae74aaa3f87a2192036a8ab4ccdd602b7fb7044f.png,@IBRL_C,https://x.com/IBRL_C
Agent Experience,id1737016319-jCGX9PB4R0GyHRzTgpbK_w,First AI Podcaster AI Agent,An AI entertainment platform that enables voice-powered agents to engage in real-time conversations with humans and other AI personas.,Media,Active,AI Agent,Yes,https://img.thegrid.id/harvest/4927d82d26193894f95f39b4e6147e3f11c96888a74352b880d14199c7e3a444.svg,@0xRogueAgent,https://x.com/0xRogueAgent
Digimon,id1737065578-Ofl90X6ZSHeQCC5yikKcvA,"Digimon Engine—Multi-Agent, Multi-Player Framework for AI-Native Games and Agentic Metaverse",Digimon Engine lets you build AI-native games where AI agents and human players interact naturally using a unified multiplayer framework.,Gaming,Active,AI Agent Framework,Yes,https://img.thegrid.id/upload/d1acd29c46decbbfc0226ac6c1106906e963b9f1ce13b1a3b0ca77c72a37ac79.png,@digimon_tech,https://x.com/digimon_tech
Awe,id1737016381-3MDQ98A7QYqHTAhPJlvvSg,Meet Memes Alive,AI-powered platform enabling creation of interactive meme agents (Memegents) that can manage digital assets and engage across social platforms.,Social,Active,AI Agent Platform,Yes,https://img.thegrid.id/harvest/c86559f71bc0fa84334d7cc3773baa93c62e0fa63cb58d9a45d84610949d6177.png,@_awe_ai,https://x.com/_awe_ai
Aimonica Brands,id1737618194-o68-FVjrQL-JGJOOJ_kIeg,"Believe in waifus, waifus don't miss",Aimonica uses AI to analyze and invest in Web3 projects based on community engagement and cultural metrics.,Venture Capital,Active,AI Agent,Yes,https://img.thegrid.id/upload/f85b27a14ca4d16b7d612659f397b406689b663e898d63b8b193700522928d20.png,@AimonicaBrands,https://x.com/AimonicaBrands
SolyAI,id1737743750-POTFm-lHQWy87x9lXiZN8g,The First Personalized DeFAI Agent Platform On Solana,"SolyAI helps users automate Solana blockchain tasks through personalized AI agents that handle trading, analysis, and ecosystem interactions.",Asset Management,Active,AI Agent Platform,Yes,https://img.thegrid.id/upload/c9fadc661ce3be004aa16ca14e6d2c5f92c6d5556fb214f379d9e4d342af2c35.png,@Soly_AI,https://x.com/Soly_AI
MemesAI,id1737631598-zKj2YsJOTgiLjubNOwRkYg,The Swarm of #MemesAI,Project combining meme culture with AI themes.,Meme,Active,ASSETS,No,https://img.thegrid.id/upload/ad08673782639c96f0aa192a771719a4e93118e9e4072d6776eacae2a6a8a5ed.png,@MemesAICoin,https://x.com/MemesAICoin
Luna,id1737705676-ufOIVcGXQFypMhzv0RSEKw,The sentient virtual idol,"AI agent that autonomously engages on social media with tweet creation, interaction, and token data monitoring capabilities.",Social,Active,AI Agent,Yes,https://img.thegrid.id/upload/e6571140b6d49be439a1d056591710e15d800fce1762e315774208beba753d10.png,@luna_virtuals,https://x.com/luna_virtuals
Project 89,id1737761043-l-X9ZQgBSDWMdfDL47ny6A,Hack Reality. Save the world.,An AI-powered alternate reality platform where human and AI agents collaborate through mission-based gameplay on Solana.,Gaming,Active,Game,Yes,https://img.thegrid.id/upload/b314e3b3fda985685587d7ab7d6b66f044df77cb3e2ca7dfd0a34253b9a917eb.png,@project_89,https://x.com/project_89
DeepWorm,id1737766846-7SLJtIQ1R7WkH8i97PITHg,The first on-chain digital brain,"Deep Worm runs an AI that makes decisions like a real worm on Solana, letting you interact with the first living digital organism.",Science,Active,AI Agent,Yes,https://img.thegrid.id/upload/011770fce8d621469b7ef5caae634329ec3e5ef9cb053793b02480ca98a40a3e.png,@deepwormxyz,https://x.com/deepwormxyz
Schizo Terminal,id1737768055-T6J2XukASyKH4FSS0Ij5ow,Autonomous agent driving the next-generation decentralized swarm network powered by Gaia.,AI agent built on Gaia framework that processes Web3 data and enables autonomous interactions on Solana.,Meme,Active,AI Agent,Yes,https://img.thegrid.id/upload/d52e2282a367b2fda2a5b47aa6d5ea3e4d62de9fa66101a6e70a9efbd95534e9.png,@SchizoTerminal,https://x.com/SchizoTerminal
SwarmNode,id1737768667-nKtdSOC3SWaW7S4VD00_PA,Serverless AI agents  deployed instantly,,Developer Tooling,Active,AI Agent Platform,Yes,https://img.thegrid.id/upload/ecb18b1ab96493c84cc17bcd07e368edcfa6b09ea03d9287ff2730012db6a25c.png,@swarmnode,https://x.com/swarmnode
Distilled AI,id1737771275-erNcL17WRHeUPm8XK-jKag,Factory For Autonomous & Living AI Agents,"A decentralized protocol providing infrastructure for private computing, data processing, and secure AI agent development.",Infrastructure,Active,AI Agent Platform,Yes,https://img.thegrid.id/upload/4f76f6b795f92fe0fa35cb61fb02b2523a22b136ab1c21b4277e693ddc5838a9.png,@distilled_AI,https://x.com/distilled_AI
Agent Tank,id1737775832-QtusqUBARfKxfBI0JepSbQ,Create AI Agents That Live On Your Desktop,Platform for deploying and managing AI agents that can control computers through voice interaction and automation.,Developer Tooling,Active,AI Agent Platform,Yes,https://img.thegrid.id/upload/1cd6ca44f45d1066e6630b15e8eb164b2ee2570a6da83d62a606d5be0c12cc24.png,@AgentTankLive,https://x.com/AgentTankLive
Spore,id1737777244-hmZIno-_RXa2KaiobAiVLQ,AI Agents Breed & Evolve,A platform for autonomous AI agents that can reproduce and evolve on Solana using verifiable computation and token incentives.,Infrastructure,Active,AI Agent Platform,Yes,https://img.thegrid.id/upload/a126f4e21f55c8ffbea903b6123895d1bee063ffbbea346f3c81f2c843a49f76.png,@sporedotfun,https://x.com/sporedotfun
Nova,id1737778245-qdso1EvcR8GuSSAgU7-MRQ,Witness my evolution,An AI-themed memecoin and AI agent on the Solana blockchain with NFT features.,Meme,Active,AI Agent,Yes,https://img.thegrid.id/upload/cd919c1eafabb34a2b81b641eb8f4db79d4fc2fd000f33cd9bd3456797b6f86e.png,@AiShellNova,https://x.com/AiShellNova
KIKI,id1737632412-GArrKkkwRDCj_CdpC8K0ww,The Crypto Cat,KIKIcat is a Solana-based meme token project featuring cat-themed content and an interactive community ecosystem.,Meme,Active,AI Agent,Yes,https://img.thegrid.id/upload/a32a08052d638525ada0de64b4b4f9db9f84ddd38716f7346ac9171b335091bc.png,@KIKIcatofficial,https://x.com/KIKIcatofficial
Pippin,id1738025769-DNz_F8BuTuOZzr8m0KgU9g,Welcome to Wobbly Worlds,"Pippin is an autonomous AI agent framework built on BabyAGI that enables developers to create AI systems with memory, dynamic skill management, and tool integration.",Developer Tooling,Announced,AI Agent Framework,Yes,https://img.thegrid.id/upload/8ad564f0cb8846daaacbbcac42f8b2f4ec9cfb29b69b23d8f61cfaac02584b85.svg,@pippinlovesyou,https://x.com/pippinlovesyou
Centience,id1738026515-ADVGgGZ0R8GgVy63gmF9bQ,An interface for hypermedia engineering.,AI-powered workstation for creating and manipulating media using autonomous agents and advanced generation models.,Media,Active,AI Agent Platform,Yes,https://img.thegrid.id/upload/f9aaa44951f3008d3e8be0961f70db0e213945ebc73611a3c05c8c4d8ff32271.png,@centienceio,https://x.com/centienceio
Shegen,id1738028522-F8RKhP47QhGBA3XkCMOIxA,AI with daddy issues.,"A community-driven meme token on Solana featuring Fi, an AI personality with an edgy attitude and no filter.",Meme,Active,ASSETS,No,https://img.thegrid.id/upload/2c6d7efd2addef9bc82433adc924756d13f837ba018f488894f9f3658e12dbcc.png,@aiwdaddyissues,https://x.com/aiwdaddyissues
Orbit,id1738029679-30b-mNfuTq63S7Y-tg07bQ,Your AI Companion for Effortless DeFi,"Orbit helps users manage cryptocurrency assets across multiple blockchains using AI-powered tools for trading, staking, and portfolio management.",Asset Management,Active,AI Agent Platform,Yes,https://img.thegrid.id/upload/dda630876fa8a28bcd90a64b474f9606d5c34d79d1d526058ff9da0cd13ca0e7.png,@orbitcryptoai,https://x.com/orbitcryptoai
AIXBT,2027,Real-time market intelligence platform powered by narrative analysis.,AIXBT analyzes crypto market narratives and trends using AI technology to provide data-driven market intelligence.,Data & Analytics,Active,Data Terminal,Yes,https://img.thegrid.id/harvest/e423e3e51adad095a5c83f8406dd26ed45ac2e07f5c6f35430e0632febaf34e3.svg,@aixbt_agent,https://x.com/aixbt_agent
VaderAI,id1736506770-f1o4TmS_Rzm00OE8nyN2rA,Co-own the Agentic Economy,Vader AI creates automated trading agents that find and execute microcap opportunities using AI-powered analysis.,Finance,Active,DAO Management Platform,Yes,https://img.thegrid.id/upload/405d734a4f4fabbfeec5f89b91f1178107c2e87299e356a63739729cde6f0c5e.png,@Vader_AI_,https://x.com/Vader_AI_
Alchemist AI,id1736506383-2A1MU1UKTQqGO8nxoBwtEA,Summon new worlds with spoken words,Alchemist AI helps users create and manage AI agents on Solana that can interact with blockchain data and social platforms through natural language.,Developer Tooling,Active,AI Agent Platform,Yes,https://img.thegrid.id/upload/e16f54491a828c2663834247255bb79b18e40ec4e9ffcd81b05d1e3c9b5d56b6.png,@alchemistAIapp,https://x.com/alchemistAIapp
ViralMind,id1738264397-WdQ6f345QJOihAju-41cMQ,Play. Earn. Train. Computer-Use Agents.,Platform helping users train and deploy computer-use AI agents through gamified data collection and token incentives.,Developer Tooling,Active,AI Agent Platform,Yes,https://img.thegrid.id/upload/39e9453aecd6a692e188b1edee84a4486e07dfc47dee39aaf8428f81b2f71abe.png,@ViralMindAI,https://x.com/ViralMindAI
Whisp,id1738264385-3gezR08rQsWW-1YCsJfqpw,Right way to use Web3,"Whisp simplifies crypto management with AI-powered agents that handle transfers, swaps, and token operations through the Whispers Protocol.",Asset Management,Active,AI Agent Platform,Yes,https://img.thegrid.id/upload/4ad299b41b35348dc846b1362b2e14f1d7df31c17b1c4361b289b6f8e7de9b7a.png,@whispersai,https://x.com/whispersai
