name,gridid,tagLine,descriptionShort,sector,status_name,logo_url,Twitter handle,Twitter URL
The Grid,1007,A Node of Truth for offchain data,The Grid is a data company that provides structured information about web3 projects to be used by other data companies. ,Data & Analytics,Active,https://img.thegrid.id/upload/14e32a7f199cd38e02cdfb159e8359c723bbbe21cf13a8edd8987f75655240c7.svg,,
Buddy Link,1446,The best referral systems feel like a game.,Decentralized referral and community growth platform for Web3 projects.,Social,Active,https://img.thegrid.id/upload/b75bb78058a1eb68e287faf207d15d458afaf3f58db4ccb843e4e24ef1072238.svg,,
TipLink,1295,Create a frictionless wallet with just a Google Account.,Link-based crypto wallet for sending and receiving digital assets on Solana.,Payments,Active,https://img.thegrid.id/upload/72ab22e7d568cb3b0b35a64a586ae73e572c58f69995edae4b1ea7d63ef15102.svg,,
Pine Analytics,id1738625917-2bksnt-2RQ6o1D5SQJd-AA,Data Analytics for Web3 Builders,"Pine Analytics offers analytics solutions for the Web3 ecosystem, focusing on DAOs, DeFi, Tokenomics, Dapps, and on-chain events.",Data & Analytics,Active,https://img.thegrid.id/upload/327484c51703eb627f9023ecd728c235b1e72f3b4441871995fdb124902acb56.png,,
Quartz,id1738776921-Es0hjuHtQnCyrDCqoP874A,Spend crypto without selling,Quartz provides a self custody card that takes out loans against your assets vs converting your assets straight to fiat. ,Asset Management,Active,https://img.thegrid.id/upload/060d9922d3cd11d6fde4034efe5292720f109b14c7f17b69f4d5e439680ab5ff.svg,,
DeCharge,1354,Revolutionizing EV Charge through DePIN & Blockchain,DeCharge develops decentralized EV charging infrastructure that lets charger owners earn passive income while expanding the charging network.,Infrastructure,Announced,https://img.thegrid.id/upload/f4430101240c2b5892036769e7196ecb6d8bca6463bff95310177215201fdbe9.svg,,
mnm.fun,id1738968916-ZEAAfcNoRreiSM_4chEdxQ,AI-Powered Agent for Market Making,,Asset Management,Active,https://img.thegrid.id/upload/6148e85a2b03f7a401a5f812a40f5d12800c1de24c492c088f3001d0acb9ad03.svg,,
Flipside,1606,"Make Boards, Make Bank","Flipside offers blockchain data analytics, enabling users to create queries, dashboards, and insights from on-chain data across multiple blockchain networks.",Data & Analytics,Active,https://img.thegrid.id/upload/9728e480a8efa19e62a0bcef484c7bdd8582e221a2984bd393e5e2cd33ab3341.svg,,
Flash Trade,1249,Asset backed trading with zero slippage and on demand liquidity,"Decentralized perpetual exchange on Solana with leveraged trading, advanced orders, and a unique referral system for crypto traders.",Finance,Active,https://img.thegrid.id/upload/186d2449f7228496dc4f815221d71fcff8076660503b2a40d5f1c49a4740c410.svg,,
Orca,166,Orca is the go-to place to trade tokens and provide liquidity on Solana.,Orca operates in the blockchain platforms sector and provides an advanced protocol based on a concentrated liquidity automated market maker (CLAMM).,Finance,Active,https://img.thegrid.id/upload/c5e72991f22ea5bf97ee711d9654dc7956bebc14b4c4691b560d686b0a28e7c9.svg,,
banger.lol,id1739154487-XUEdmVEBSWyuO9FouHglsQ,The curator economy,An app to buy and sell tweets.,Social,Active,https://img.thegrid.id/upload/77b42ced7a08f8aa37d74d5974c4d17c95a7db5b6cb2e7994981402d1887bdbf.svg,,
LivingIP,1519,Give Your Community a Voice,"LivingIP is a collaborative IP creation protocol that enables decentralized community to leverage community intelligence through gamified documents, rewarding contributors and fostering improvement.",Social,Active,https://img.thegrid.id/upload/619327e64250a5fab07105e573525667c101e490b61ae2df156271ef46498f22.svg,,
Haven,id1739333977-qME-zSPOQBmXHXrrixj5Ww,Leverage trading without risk of liquidation,"Haven is a non-custodial dapp that supports leveraged trading without liquidation risk, allowing long and short positions with added safety feature",Finance,Active,https://img.thegrid.id/upload/387e82b426852e4cd41e184c8063d0c20e861c09f84b46a6355e2fd2694ebe85.png,,
Defi Orbit,id1739384104-UkefevKxSuS2SKLVSrMk1g,Multi-Chain DeFi Portfolio Intelligence,"DeFi Orbit is a multi-chain portfolio management platform that helps DeFi investors track, analyze, and optimize their positions across protocols and chains through automated tracking, performance analytics, and AI-driven insights.",Asset Management,Active,https://img.thegrid.id/harvest/ec52b602c26828ffd622987e01c0d29a3c64d9e7ac5412ae1e03408e58243119.svg,,
Sleeper Bot,id1739387368-4M6lKeEzT8OJ3Qgokp34rQ,,,Supply chain,Active,https://img.thegrid.id/upload/8814bb61b39b4df77d651c0acb2980a10a48281204f61d4ba5edb0cb0cc68b3a.svg,,
Voltr,id1736988360-qkjpLLq4STWBCWSyQgSbsw,Modular infrastructure for DeFi vaults,"Voltr is a permissionless toolkit enabling anyone to easily build, customise, and leverage optimised yield vaults on Solana",Infrastructure,Active,https://img.thegrid.id/harvest/20dd8263de220191f87c5058f15715f2a3ceb860828bbf0ee0c58f0eb6f8192a.svg,,
Tokamai,id1739402162-zsmg78jsTPqicDELX9V2Ag,Catch your Solana programs errors before your users do,"Tokamai offers real-time monitoring for on-chain programs to detect, analyze, and fix errors quickly.",Data & Analytics,Active,https://img.thegrid.id/upload/1959271ea72c24113d20fd787ea955045e9f0faf8176023de826258e8b7252db.svg,,
Franklin X,id1739487350-yLl8ycuMQTqdXSQgI2b7bw,"Turning data into alpha, one trade at a time",An AI agent platform on Solana's Virtuals network that provides AI-powered portfolio optimization and cryptocurrency investment strategies.,Asset Management,Active,https://img.thegrid.id/upload/7fc93dda4ed5c8c01e67cc3cd53da86bd19b0600436f2d7f65ed5ffd932c9197.svg,,
ValueRouter,id1739482315-s9bErmfWQICY5NC-JbwQGA,Route Values for Web3,ValueRouter offers cross-chain asset swaps in one transaction.,Payments,Active,https://img.thegrid.id/upload/f905baa09fe67d5551f1ecbdcc727cf66e29aebc512a377308baa6d744ee6627.svg,,
Accretion,id1738803904-AvS0RbBLQR2HuX7p-UG2jw,Forge Stronger Systems,"Accretion provides security audits for Solana programs, focusing on identifying technical vulnerabilities and security issues.",Auditing,Active,https://img.thegrid.id/upload/cadd09fba25930e9a3522e81501dd911d22bfbf59fe84ced0f338f21789049c8.png,,
Txtx,1818,Build Confidence with Smart Contract Runbooks,Txtx provides smart contract runbooks for secure and reproducible management of Web3 infrastructures.,Developer Tooling,Active,https://img.thegrid.id/harvest/b844d312288597ed255926d1b60e340d8c3fc09630d436b24adfce0c10097f62.svg,,
Dr. Peepee's Private Practice,id1739556073-BIb943leRPCowYWkZyHSnw,,,Service Provider,Active,https://img.thegrid.id/upload/e2f8772f320dcdab1130490770f038c21eb495ab142dac5da897e17ad97bc798.jpg,,
Squads,111,Your Business Operations Onchain.,"Squads helps teams manage digital assets securely through smart accounts, providing enterprise-grade security and controls for blockchain operations.",Asset Management,Active,https://img.thegrid.id/upload/f8ca91e8a904c934d6e060fcae308cddfc770f7e9e02ac000e7051bdeab7d83a.png,,
Range,id1739556551-DrKXF4j9S1iygX5aze_yBA,The blockchain security and intelligence platform,"Range provides blockchain security monitoring, analytics, and risk management tools to help teams protect their protocols and assets.",Security,Active,https://img.thegrid.id/upload/fe088428f68bcc8a7bbd36373e8315657c12b9d348e4bb8c9e0d27026f62caf5.svg,,
ZenBTC,1395,Earn yield with Bitcoin on Solana (and EVM chains),zenBTC is a Bitcoin LRT native to Solana (and EVM chains) secured by a decentralized multi-party computation network (dMPC) ,Finance,Active,https://img.thegrid.id/harvest/982d3bfa3308e2a87fbd89330149efbdd257d2e2c9f6debb5c6654ad2f2c6152.png,,
Magna,1439,Token distribution on autopilot.,"Magna automates token distribution and management for teams, investors, and communities with customizable unlock schedules across multiple blockchains.",Finance,Active,https://img.thegrid.id/upload/f2f4aca65077480b582ef924c15611107871be587a6089ded8cb97de021e6ca1.svg,,
Hylo,id1739743872-U_Xg--LOQ1asn6OicyM88Q,Better Internet Money,"Hylo offers hyUSD, a Solana-backed stablecoin pegged to the US Dollar and overcollateralized with liquid staking tokens.",Payments,Active,https://img.thegrid.id/upload/703b91b53a3982fffc0a3e67240ca8ffd3447e715ab1d08e41e13ccc0b59b18d.svg,,
Try Stable,id1739742648--D89XSn_Q9mi-WLurKLdmw,Erasing the line between assets and liquidity.,Stable enables real estate owners to earn yield on their equity and lower their monthly mortgage payments.,Payments,Active,https://img.thegrid.id/upload/eaa104c583d40e07831657a2516d4fe6fa6b24e88b2b0f1a4a637430baef767c.svg,,
not for everyone,id1739744068-Vsxbl2scSoiE9UTeMwSofQ,,, ,Announced,https://img.thegrid.id/upload/db62868b77ff4e23b369774b335ec491baa5f9b35d30b27df15962964612eaa3.svg,,
Delphi Digital,1599,The Crypto Research Platform That Pays for Itself,"Delphi Digital provides research and data-driven analysis on cryptocurrency markets, helping investors and institutions navigate the digital asset space with actionable insights.",Data & Analytics,Active,https://img.thegrid.id/upload/2821d1f4a2f435de93c4a6eeb5160494657ff7d4076cb723893fd8a48e5478ae.svg,,
Sphere,156,Payments infrastructure for the next generation of the internet.,"Sphere is a global payment platform that supports various payment methods in 120+ countries. Its focus is on compliance, security, and seamless integration.",Payments,Active,https://img.thegrid.id/harvest/f5324f0176ad4f59f06ba2f5f31a5250846d5c9bc8a4ebaf3f9c804476512410.svg,,
Reflect,id1739750037-n98xjedBRM-7Ek85J1IeOQ,A new staking generation on Solana,,Payments,Active,https://img.thegrid.id/upload/8acb627548722aeff68367c747a05ff1ecb15421522b86a42a7f2f045d842160.svg,,
Texture,1485,Trade token volatility and earn on price movements in any direction via P2P loans,P2P token lending protocol on Solana enabling direct borrowing and lending without intermediaries.,Finance,Active,https://img.thegrid.id/upload/4cf38a6ba7affa970f2f11d609456e30c62bc0fd4c7d393a9c9b65c6b2a1b5ba.svg,,
Frictionless Capital,1629,Investment firm focused on Web3 and blockchain startups applying first principles thinking.,Thesis-driven fund investing in world-changing entrepreneurs using first principles thinking.,Venture Capital,Active,https://img.thegrid.id/upload/84e5fb2d62943d1ade73ac28a509a74ea3164bd4f0c2414ae870f4ba08db5569.svg,,
Hedgehog Markets,1348,Hedgehog is a platform for launching markets on anything.,Hedgehog Markets offers a decentralized trading platform for crypto derivatives using smart contracts on Solana.,Finance,Active,https://img.thegrid.id/upload/80f34a143a845157d45905d1a4029acc1691155e9ac14408fd7b4893b610b444.svg,,
Etherfuse,1333,"Your Gateway to Safe Financial Innovation & RWAs on Solana, Base & Stellar","Decentralized Solana infrastructure provider offering validator services, staking solutions, and DeFi products like StableBonds.",Infrastructure,Active,https://img.thegrid.id/upload/44990e32a7f1d914cd00e6a14131b41b2b5630db0cb54810e6c67bde57df7e74.svg,,
DoubleZero,id1739596542-Fw4F7mumR3WWMXbhO6TYEw,Increase bandwidth and reduce latency,DoubleZero creates a decentralized network that filters data and optimizes routing through contributed fiber links to improve distributed system performance.,Infrastructure,Announced,,,
GLAM,id1739829342-V1Ue-DLLRb2Xa96yBPIYBA,The BlackRock to Solana's Nasdaq.,GLAM is an asset management protocol with the aim of unlocking composability of DeFi and empowering investors on Solana.,Asset Management,Announced,https://img.thegrid.id/upload/7d1865708ba5fc9805e97bdcb561d9457c77b550bd92dc28689bb9326943d488.svg,,
Elmnts,1292,A tokenized commodities ecosystem for investors.,Elmnts is creating a foundation for the future of tokenized commodities.,Finance,Inactive,https://img.thegrid.id/harvest/3c45f4c46070cd2793d3c03d9bb039280fd3067e941f2fe43568c75071ee6456.svg,,
Step Finance,165,The Front Page of Solana,"Step Finance is a Solana-based platform offering portfolio tracking, DeFi analytics, and on-chain actions. It includes NFT insights, DAO, and ecosystem data tools.",Data & Analytics,Active,https://img.thegrid.id/upload/67894b33c5f9b271c6619ddbd8f4f51c0e346f30ee06ee29de881450231540de.svg,,
Superpull,id1739834723--T9Ausr1QDWu3jMjENkL0A,We are made to dream,Superpull helps emerging fashion designers sell designs through a preorder marketplace that protects creativity and eliminates waste.,Social,Announced,https://img.thegrid.id/upload/60de18b29ec238d88357641adc38a07cd73bc506e38faa76425be0de1e46d2e1.svg,,
Coindesk,id1739500449-uQwigI-iQISpLtQceUj-Nw,Leading the story on the future of money,CoinDesk is a media outlet that covers the cryptocurrency industry.,Media,Active,https://img.thegrid.id/upload/6710c6bafd07c22e3b2156f4e61989771f3ea720b8e710953d31912f9be16b0e.svg,,
SendAI,1722,Accelerating the Solana AI Ecosystem,"Send helps developers and users interact with Solana through AI-powered tools, community gaming, and blockchain infrastructure.",Infrastructure,Active,https://img.thegrid.id/upload/00dfd45b8d57e7fcb2deabc8a15de9491e6a4a513c739a422b6df6e759a6700c.svg,,
mtndao,id1739947257-uZhrUsMnRTSFrzy-rzNTJg,mtndao,mtndao,Community & Events,Active,https://img.thegrid.id/upload/5a1f3afab1b157b98afb6c526e272debd0a089abb5f74982e906e126c467220f.svg,,
MagicBlock,1318,High-performance engine for onchain games and applications,MagicBlock is a high-performance engine for building on-chain games and applications on Solana with near-zero latency.,Infrastructure,Active,https://img.thegrid.id/upload/a15f7b502cfca85eeb27440fdc5e7ed1d10183851b372f0e2d6ddf12353c6121.svg,,
Sanctum,1212,"Liquid Staking, Reimagined.","Sanctum is a Solana protocol for LSTs. It offers Infinity, a multi-LST liquidity pool, and tools for LST creation, management, and trading with minimal slippage.",Finance,Active,https://img.thegrid.id/harvest/d4dc9d0a0e6a31db8d94ed9267500e0bbd602e6cd60ef063d3b798782ba44c98.svg,,
Colosseum,1394,"Powering Solana hackathons, supporting winning founders through our accelerator, and investing in their crypto startups out of a $60 million","An organization that runs hackathons, accelerates winning founders, and invests in crypto startups on Solana.",Venture Capital,Active,https://img.thegrid.id/upload/5c467b335af711f13386b5167419b220ce495819920bc7ac1a250336f6277d3d.svg,,
Multicoin Capital,1590,Thesis-driven investment firm that invests in tokens and blockchain companies. ,Multicoin Capital invests in crypto companies and protocols in public and private markets.,Venture Capital,Active,https://img.thegrid.id/upload/f97fb1fdc3b875dd1c5c5575e1fe88ca2a9355fc138b372fe0e1262eb44aeaa8.svg,,
Ranger Finance,id1738088704-fWNc-ulIS0WRs7gImmRl1A,Unlocking the Potential of the Markets,Ranger Finance aggregates liquidity and orders across multiple perpetual DEXs on Solana for better trade execution and deeper liquidity.,Finance,Active,https://img.thegrid.id/upload/4771b71d5ab44058d1cb6e29d09d4a99a4396c6f1bdda59caedbd90877d8cbb8.svg,,
SkyRise,id1738611953-_u_5w4UMTBi1b9PL7JQ7Ig,"Accelerating, Growing and Activating your favourite Web3 projects.","SkyRise accelerates Web3 project growth through consulting, marketing, and activation services.",Service Provider,Active,https://img.thegrid.id/upload/5b6c2ef2f6a4ebd073e1780b4cceceb62d797aab1ebf9491c39c35731ba3c9ee.svg,,
Ellipsis Labs,926,The fastest on-chain orderbook in DeFi,Ellipsis Labs develops decentralized financial applications and blockchain infrastructure on Solana.,Finance,Active,https://img.thegrid.id/upload/4fccb9b8324ee8e206e718142a05c702df9cf65f46cde689a3659c941fc43cdb.svg,,
Arcium,1704,Encrypt Everything. Compute Anything. ,"The global supercomputer for a hyper-encrypted internet allowing organizations and individuals to securely collaborate on previously untapped data and accessing trustless, verifiable, and efficient computing power.",Infrastructure,Announced,https://img.thegrid.id/upload/e7366fc6b5e94d01a6a8386cf158f311bcf321fa2112a12f51dab4691406eb11.svg,,
Metaplex,934,Powering the digital asset economy on Solana.,Metaplex is an open-source protocol that enables the creation and management of NFTs on the Solana blockchain.,Developer Tooling,Active,https://img.thegrid.id/upload/fcff7d747880fcf419398ba2fb6b33d187c623c337573cb458d56cc7762949d1.svg,,
Solana,88,Build crypto apps that scale,Solana is a blockchain platform for building decentralized applications and marketplaces.,Blockchain Platforms,Active,https://img.thegrid.id/upload/a8ea71ac63e8e30a92fc4b4b4cc6583c4317a69c52c0e321902662b21439a575.svg,,
Paladin,2001,,Paladin processes MEV transactions on Solana validators and distributes rewards across participants through its token system.,Infrastructure,Active,https://img.thegrid.id/upload/b98998c61a96c2319767b4ac4d1634b726895cd51d228d02bef6251e0471e393.svg,,
Coinbase Developer Platform,id1738624713-zznMVGPsTKyfneJg6A6lew,Tools to bring the world onchain,"Provides various API & SDK references, demos, and guides for building onchain apps using Coinbase tooling. ",Developer Tooling,Active,https://img.thegrid.id/upload/52625777d3c505875b3b0e46f6c88cba696a6db4ee08ed2aeeb52450545de4b6.svg,,
